pi,url
Shiaofen Fang,https://luddy.indianapolis.iu.edu/contact/profile/shiaofen-fang
Francesco Cafaro,https://luddy.indianapolis.iu.edu/contact/profile/francesco-cafaro
Rakesh Shiradkar,https://luddy.indianapolis.iu.edu/contact/profile/rakesh-shiradkar
Mohamed Abdel-Mottaleb,https://luddy.indianapolis.iu.edu/contact/profile/mohamed-saeed-abdel-mottaleb
Jingwen Yan,https://luddy.indianapolis.iu.edu/contact/profile/jingwen-yan
Lu Zhang,https://luddy.indianapolis.iu.edu/contact/profile/lu-zhang
Sarath Chandra Janga,https://luddy.indianapolis.iu.edu/contact/profile/sarath-janga
Juexin Wang,https://luddy.indianapolis.iu.edu/contact/profile/juexin-wang
Bohdan Khomtchouk,https://luddy.indianapolis.iu.edu/contact/profile/bohdan-khomtchouk
Ming Jiang ,https://luddy.indianapolis.iu.edu/contact/profile/ming-jiang
Hyeju Jang,https://luddy.indianapolis.iu.edu/contact/profile/hyeju-jang
Sunandan Chakraborty,https://luddy.indianapolis.iu.edu/contact/profile/sunandan-chakraborty
Davide Bolchini,https://luddy.indianapolis.iu.edu/contact/profile/davide-bolchini
Erin Brady,https://luddy.indianapolis.iu.edu/contact/profile/erin-brady
Aqueasha Martin-Hammond,https://luddy.indianapolis.iu.edu/contact/profile/aqueasha-martin-hammond
Andrew D. Miller,https://luddy.indianapolis.iu.edu/contact/profile/andrew-miller
Saptarshi Purkayastha,https://luddy.indianapolis.iu.edu/contact/profile/saptarshi-purkayastha
Karl F. MacDorman,https://luddy.indianapolis.iu.edu/contact/profile/karl-macdorman
Hee-Tae Jung,https://luddy.indianapolis.iu.edu/contact/profile/hee-tae-jung
Yan Zhuang,https://luddy.indianapolis.iu.edu/contact/profile/yan-zhuang
Arjan Durresi,https://luddy.indianapolis.iu.edu/contact/profile/arjan-durresi
Mohammad Al Hasan,https://luddy.indianapolis.iu.edu/contact/profile/mohammad-al-hasan
Angela Murillo,https://luddy.indianapolis.iu.edu/contact/profile/angela-murillo
Yao Liang,https://luddy.indianapolis.iu.edu/contact/profile/yao-liang
Xukai Zou,https://luddy.indianapolis.iu.edu/contact/profile/xukai-zou
Kyle M. L. Jones,https://luddy.indianapolis.iu.edu/contact/profile/kyle-jones
Fawzi BenMessaoud,https://luddy.indianapolis.iu.edu/contact/profile/fawzi-benmessaoud
Andrea Copeland,https://luddy.indianapolis.iu.edu/contact/profile/andrea-copeland
Ayoung Yoon,https://luddy.indianapolis.iu.edu/contact/profile/ayoung-yoon
Soo Hyeon Kim,https://luddy.indianapolis.iu.edu/contact/profile/soo-kim
James Hill,https://luddy.indianapolis.iu.edu/contact/profile/james-hill
Zebulun M. Wood,https://luddy.indianapolis.iu.edu/contact/profile/zeb-wood
Ekaterina Muravevskaia,https://luddy.indianapolis.iu.edu/contact/profile/ekaterina-muravevskaia
C. Thomas Lewis,https://luddy.indianapolis.iu.edu/contact/profile/thomas-lewis
Mangilal Agarwal,https://luddy.indianapolis.iu.edu/contact/profile/mangilal-agarwal
The Polis Center,https://polis.indianapolis.iu.edu/
Integrated Nanosystems Development Institute (INDI),https://indi.indianapolis.iu.edu/
